<?xml version="1.0" encoding="UTF-8" standalone="yes"?>
<businessObjectModel modelVersion="1.0" productVersion="7.2.4">
    <businessObjects>
        <businessObject qualifiedName="com.company.model.Registration">
            <fields>
                <field type="STRING" length="255" name="userName" nullable="false" collection="false"/>
                <field type="STRING" length="255" name="city" nullable="false" collection="false"/>
                <field type="STRING" length="255" name="email" nullable="false" collection="false"/>
                <field type="BOOLEAN" length="255" name="approved" nullable="true" collection="false"/>
            </fields>
            <uniqueConstraints/>
            <queries/>
            <indexes/>
        </businessObject>
        <businessObject qualifiedName="com.company.model.Approval">
            <fields>
                <field type="STRING" length="255" name="userName" nullable="true" collection="false"/>
                <field type="STRING" length="255" name="city" nullable="true" collection="false"/>
                <field type="STRING" length="255" name="email" nullable="true" collection="false"/>
            </fields>
            <uniqueConstraints/>
            <queries/>
            <indexes/>
        </businessObject>
    </businessObjects>
</businessObjectModel>
